Aaron Borden,*This* is an example **MARKDOWN** Description
Adam Holt,*This* is another example for adam :D
Alan Jhonn Aguiar Schwyn,
Alejandro Gonzalez Barrera,*This* is an example **MARKDOWN** Description
Alex Kleider,*This* is an example **MARKDOWN** Description
Alexander Dupuy,*This* is an example **MARKDOWN** Description
Alfonso de la Guarda,*This* is an example **MARKDOWN** Description
Amaan Iqbal,*This* is an example **MARKDOWN** Description
Aman Sharma,*This* is an example **MARKDOWN** Description
Ana Cichero Mildwurf,*This* is an example **MARKDOWN** Description
Andreas Gros,*This* is an example **MARKDOWN** Description
Andres Aguirre,*This* is an example **MARKDOWN** Description
Andrés Ambrois,*This* is an example **MARKDOWN** Description
Aneesh Dogra,*This* is an example **MARKDOWN** Description
Anish Mangal,*This* is an example **MARKDOWN** Description
Anmol Mishra,*This* is an example **MARKDOWN** Description
Anne Gentle,*This* is an example **MARKDOWN** Description
Antonio Carlos,*This* is an example **MARKDOWN** Description
Anurag Goel,*This* is an example **MARKDOWN** Description
Asaf Paris Mandoki,*This* is an example **MARKDOWN** Description
Avni Khatri,*This* is an example **MARKDOWN** Description
Benjamin Berg,*This* is an example **MARKDOWN** Description
Benjamin Mako Hill,*This* is an example **MARKDOWN** Description
Bernie Innocenti,*This* is an example **MARKDOWN** Description
Bert Freudenberg,*This* is an example **MARKDOWN** Description
Bill Bogstad,*This* is an example **MARKDOWN** Description
Bob Stepno,*This* is an example **MARKDOWN** Description
Carla Gomez Monroy,*This* is an example **MARKDOWN** Description
Carol Lerche,*This* is an example **MARKDOWN** Description
Carol Ruth Silver,*This* is an example **MARKDOWN** Description
Caryl Bigenho,*This* is an example **MARKDOWN** Description
Chris Ball,*This* is an example **MARKDOWN** Description
Chris Leonard,*This* is an example **MARKDOWN** Description
Christoph Derndorfer,*This* is an example **MARKDOWN** Description
Claudia Urrea,*This* is an example **MARKDOWN** Description
Cristian Paul Peñaranda Rojas,*This* is an example **MARKDOWN** Description
Daksh Shah,*This* is an example **MARKDOWN** Description
Dan Williams,*This* is an example **MARKDOWN** Description
Dan Winship,*This* is an example **MARKDOWN** Description
Daniel Castelo,*This* is an example **MARKDOWN** Description
Daniel Francis,*This* is an example **MARKDOWN** Description
David Van Assche,*This* is an example **MARKDOWN** Description
David Wallace,*This* is an example **MARKDOWN** Description
Devin Ulibarri,*This* is an example **MARKDOWN** Description
Divyanshu Rawat,*This* is an example **MARKDOWN** Description
Edward Cherlin,*This* is an example **MARKDOWN** Description
Eli Heuer,*This* is an example **MARKDOWN** Description
Enrique Mayorga González,*This* is an example **MARKDOWN** Description
Erik Blankinship,*This* is an example **MARKDOWN** Description
Frederick Grose,*This* is an example **MARKDOWN** Description
Gary Martin,*This* is an example **MARKDOWN** Description
George Hunt,*This* is an example **MARKDOWN** Description
Gerald Ardito,*This* is an example **MARKDOWN** Description
German Ruiz,*This* is an example **MARKDOWN** Description
Greg DeKoenigsberg,*This* is an example **MARKDOWN** Description
Greg Smith,*This* is an example **MARKDOWN** Description
Guillaume Desmottes,*This* is an example **MARKDOWN** Description
Harriet Vidyasagar,*This* is an example **MARKDOWN** Description
Henry Hardy,*This* is an example **MARKDOWN** Description
Henry Holtzman,*This* is an example **MARKDOWN** Description
Hernan Pachas,*This* is an example **MARKDOWN** Description
Hilary Naylor,*This* is an example **MARKDOWN** Description
Hrishi Patel,*This* is an example **MARKDOWN** Description
I. T. Daniher,*This* is an example **MARKDOWN** Description
Iain Davidson,*This* is an example **MARKDOWN** Description
Ian Bicking,*This* is an example **MARKDOWN** Description
Ibiam Chihurumnaya,*This* is an example **MARKDOWN** Description
Ifeanyi Mattew,*This* is an example **MARKDOWN** Description
Ignacio Rodríguez,*This* is an example **MARKDOWN** Description
Irma Couretot,*This* is an example **MARKDOWN** Description
Iqra Muhammad,*This* is an example **MARKDOWN** Description
Jaskirat Singh,*This* is an example **MARKDOWN** Description
James F. Carroll,*This* is an example **MARKDOWN** Description
James Simmons,*This* is an example **MARKDOWN** Description
Jean Piché,*This* is an example **MARKDOWN** Description
Jecel Assumpcao,*This* is an example **MARKDOWN** Description
Jhan Carlo Perez Ramirez,*This* is an example **MARKDOWN** Description
Jim Gettys,*This* is an example **MARKDOWN** Description
John Watlington,*This* is an example **MARKDOWN** Description
Jose Antonio Rocha,*This* is an example **MARKDOWN** Description
Jose Miguel Garcia,*This* is an example **MARKDOWN** Description
Juan Camilo Lema,*This* is an example **MARKDOWN** Description
June Kleider,*This* is an example **MARKDOWN** Description
Kaif Khan,*This* is an example **MARKDOWN** Description
Kevin Cole,*This* is an example **MARKDOWN** Description
Kim Rose,*This* is an example **MARKDOWN** Description
Laura Victoria Vargas,*This* is an example **MARKDOWN** Description
Lionel Laske,*This* is an example **MARKDOWN** Description
Luis Patricio Acevedo Jimenez,*This* is an example **MARKDOWN** Description
Luke Faraone,*This* is an example **MARKDOWN** Description
Luke Kenneth Casson Leighton,*This* is an example **MARKDOWN** Description
Mankirat Singh,*This* is an example **MARKDOWN** Description
Manu Cornet,*This* is an example **MARKDOWN** Description
Manusheel Gupta,*This* is an example **MARKDOWN** Description
Marc Maurer,*This* is an example **MARKDOWN** Description
Marco Pesenti Gritti,*This* is an example **MARKDOWN** Description
Marcos Orfila,*This* is an example **MARKDOWN** Description
Mariah ELi,*This* is an example **MARKDOWN** Description
Martin Abente Lahaye,*This* is an example **MARKDOWN** Description
Martin Dengler,*This* is an example **MARKDOWN** Description
Martin Langhoff,*This* is an example **MARKDOWN** Description
Matt Lee,*This* is an example **MARKDOWN** Description
Mel Chua,*This* is an example **MARKDOWN** Description
Michael Ohayon,*This* is an example **MARKDOWN** Description
Michael Stone,*This* is an example **MARKDOWN** Description
Nathanael Lécaudé,*This* is an example **MARKDOWN** Description
Neyder Achahuanco,*This* is an example **MARKDOWN** Description
Noah Kantrowitz,*This* is an example **MARKDOWN** Description
Norma Luisa Risco Mora,*This* is an example **MARKDOWN** Description
Olivier Bélanger,*This* is an example **MARKDOWN** Description
Pablo Baqués,*This* is an example **MARKDOWN** Description
Pablo Flores,*This* is an example **MARKDOWN** Description
Pacita Peña,*This* is an example **MARKDOWN** Description
Paulo Drummond,*This* is an example **MARKDOWN** Description
Peace Ojemeh,*This* is an example **MARKDOWN** Description
Pericherla Seetarama Raju,*This* is an example **MARKDOWN** Description
Peter Robinson,*This* is an example **MARKDOWN** Description
Phil Bordelon,*This* is an example **MARKDOWN** Description
Pratul Kumar,*This* is an example **MARKDOWN** Description
Rabi Karmacharya,*This* is an example **MARKDOWN** Description
Rafael Cordano,*This* is an example **MARKDOWN** Description
Rafael Ortiz,*This* is an example **MARKDOWN** Description
Raffael Reichelt,*This* is an example **MARKDOWN** Description
Ralph Hyre,*This* is an example **MARKDOWN** Description
Raul Hugo,*This* is an example **MARKDOWN** Description
Rita Freudenberg,*This* is an example **MARKDOWN** Description
Riya Lohia,*This* is an example **MARKDOWN** Description
Rosamel Ramirez,*This* is an example **MARKDOWN** Description
Sam Parkinson,*This* is an example **MARKDOWN** Description
Sameer Verma,*This* is an example **MARKDOWN** Description
Samson Goddy,*This* is an example **MARKDOWN** Description
Samuel (SJ) Klein,*This* is an example **MARKDOWN** Description
Samuel Cantero,*This* is an example **MARKDOWN** Description
Samuel Greenfeld,*This* is an example **MARKDOWN** Description
Sanchit Bansal,*This* is an example **MARKDOWN** Description
Sandra Thaxter,*This* is an example **MARKDOWN** Description
Sascha Silbe,*This* is an example **MARKDOWN** Description
Sayamindu Dasgupta,*This* is an example **MARKDOWN** Description
Sean DALY,*This* is an example **MARKDOWN** Description
Sebastian Silva,*This* is an example **MARKDOWN** Description
Seth Woodworth,*This* is an example **MARKDOWN** Description
Shivank Shekar,*This* is an example **MARKDOWN** Description
Sora Edwards,*This* is an example **MARKDOWN** Description
Stefan Unterhauser,*This* is an example **MARKDOWN** Description
T.K. Kang,*This* is an example **MARKDOWN** Description
Tabitha Roder,*This* is an example **MARKDOWN** Description
Tariq Badsha,*This* is an example **MARKDOWN** Description
Thomas C. Gilliard,*This* is an example **MARKDOWN** Description
Tim McNamara,*This* is an example **MARKDOWN** Description
Tim Moody,*This* is an example **MARKDOWN** Description
Tomeu Vizoso,*This* is an example **MARKDOWN** Description
Tony Anderson,*This* is an example **MARKDOWN** Description
Tony Forster,*This* is an example **MARKDOWN** Description
Torello Querci,*This* is an example **MARKDOWN** Description
Tymon Radzik,*This* is an example **MARKDOWN** Description
Valerie Taylor,*This* is an example **MARKDOWN** Description
Vipul Gupta,*This* is an example **MARKDOWN** Description
Wade Brainerd,*This* is an example **MARKDOWN** Description
Walter Bender,*This* is an example **MARKDOWN** Description
Williams Campos,*This* is an example **MARKDOWN** Description
Yamile Susana Galvis Rizo,*This* is an example **MARKDOWN** Description
Yannick Warnier,*This* is an example **MARKDOWN** Description
Yoshiki Ohshima,*This* is an example **MARKDOWN** Description
